date_time,temp,CO2_scaled
11:42:57 AM,88.850689,11.4
11:42:58 AM,88.894557,11.8
11:42:59 AM,88.944389,12
11:43:00 AM,88.987774,12
11:43:01 AM,89.052069,10.5
11:43:02 AM,89.112457,10.6
11:43:03 AM,89.159068,11.2
11:43:04 AM,89.170107,11.3
11:43:05 AM,89.222682,11.4
11:43:06 AM,89.277311,11.5
11:43:07 AM,89.307206,10.9
11:43:08 AM,89.374247,11.4
11:43:09 AM,89.420177,11.3
11:43:10 AM,89.495036,10.7
11:43:11 AM,89.52054,10.3
11:43:12 AM,89.592178,9.9
11:43:13 AM,89.61172,10.3
11:43:14 AM,89.675543,10.3
11:43:15 AM,89.748354,9.4
11:43:16 AM,89.785787,9.4
11:43:17 AM,89.821851,9.7
11:43:18 AM,89.867103,9.2
11:43:19 AM,89.919004,9.1
11:43:20 AM,89.963572,10
11:43:21 AM,90.022124,9.9
11:43:22 AM,90.054765,8.9
11:43:23 AM,90.115858,8
11:43:24 AM,90.156519,9.5
11:43:25 AM,90.230227,10.4
11:43:26 AM,90.261017,10
11:43:27 AM,90.274115,10.3
11:43:28 AM,90.308814,10.7
11:43:29 AM,90.379302,10.6
11:43:30 AM,90.430325,11.3
11:43:31 AM,90.458094,10.3
11:43:32 AM,90.509803,10.6
11:43:33 AM,90.55575,11.2
11:43:34 AM,90.591824,10.8
11:43:35 AM,90.635232,10
11:43:36 AM,90.689686,10.5
11:43:37 AM,90.73221,10.7
11:43:38 AM,90.780216,10.1
11:43:39 AM,90.824998,10.1
11:43:40 AM,90.849142,10.7
11:43:41 AM,90.895095,10.1
11:43:42 AM,90.943788,8.7
11:43:43 AM,90.979181,8.5
11:43:44 AM,91.016629,7
11:43:45 AM,91.056819,7.9
11:43:46 AM,91.116562,8.1
11:43:47 AM,91.165058,7.5
11:43:48 AM,91.189407,8
11:43:49 AM,91.23996,7.9
11:43:50 AM,91.285233,7.4
11:43:51 AM,91.308213,7.6
11:43:52 AM,91.366105,7.8
11:43:53 AM,91.412751,8.9
11:43:54 AM,91.438957,8.2
11:43:55 AM,91.505158,8.7
11:43:56 AM,91.554547,8.5
11:43:57 AM,91.566965,8.8
11:43:58 AM,91.624178,8.1
11:43:59 AM,91.662321,8.7
11:44:00 AM,91.6899,8.3
11:44:01 AM,91.739776,8.7
11:44:02 AM,91.785743,8.5
11:44:03 AM,91.825258,8.5
11:44:04 AM,91.871024,9
11:44:05 AM,91.910541,8
11:44:06 AM,91.949856,7
11:44:07 AM,91.997197,7
11:44:08 AM,92.029377,8
11:44:09 AM,92.065468,8.4
11:44:10 AM,92.108899,7.7
11:44:11 AM,92.150073,7.8
11:44:12 AM,92.177858,8.8
11:44:13 AM,92.206127,9.8
11:44:14 AM,92.239479,9.9
11:44:15 AM,92.291422,9.6
11:44:16 AM,92.335542,10
11:44:17 AM,92.372323,10
11:44:18 AM,92.410476,9.1
11:44:19 AM,92.449113,9.4
11:44:20 AM,92.478756,9.4
11:44:21 AM,92.528647,9.9
11:44:22 AM,92.550951,9.7
11:44:23 AM,92.606813,10
11:44:24 AM,92.63783,9.7
11:44:25 AM,92.681552,10.1
11:44:26 AM,92.725195,10.4
11:44:27 AM,92.756697,9
11:44:28 AM,92.777147,10.5
11:44:29 AM,92.805221,10.9
11:44:30 AM,92.846607,11.1
11:44:31 AM,92.881539,11.2
11:44:32 AM,92.94132,10.6
11:44:33 AM,92.957173,12.2
11:44:34 AM,92.988678,11.6
11:44:35 AM,93.028695,10.7
11:44:36 AM,93.066171,10
11:44:37 AM,93.096508,9.4
11:44:38 AM,93.122044,9.5
11:44:39 AM,93.168033,8.9
11:44:40 AM,93.221366,9.1
11:44:41 AM,93.227135,8.7
11:44:42 AM,93.280953,8.5
11:44:43 AM,93.309234,8.7
11:44:44 AM,93.340259,9.4
11:44:45 AM,93.374512,9
11:44:46 AM,93.400051,9.1
11:44:47 AM,93.463757,8.7
11:44:48 AM,93.4757,8.6
11:44:49 AM,93.513182,8.6
11:44:50 AM,93.561034,9.1
11:44:51 AM,93.580805,10.1
11:44:52 AM,93.60909,10.8
11:44:53 AM,93.650488,11.7
11:44:54 AM,93.687287,11
11:44:55 AM,93.719486,11.2
11:44:56 AM,93.760886,10.7
11:44:57 AM,93.803659,10.9
11:44:58 AM,93.827346,10.9
11:44:59 AM,93.857489,10.6
11:45:00 AM,93.876576,11.9
11:45:01 AM,93.906922,11.2
11:45:02 AM,93.97847,10.8
11:45:03 AM,93.975927,10.3
11:45:04 AM,93.995015,10.5
11:45:05 AM,94.024474,11.2
11:45:06 AM,94.087026,11.9
11:45:07 AM,94.100827,11
11:45:08 AM,94.127059,11.2
11:45:09 AM,94.167982,11.6
11:45:10 AM,94.205272,11.5
11:45:11 AM,94.240223,11.9
11:45:12 AM,94.278403,11.8
11:45:13 AM,94.28486,11.8
11:45:14 AM,94.32304,11.9
11:45:15 AM,94.347902,11.7
11:45:16 AM,94.39343,12.1
11:45:17 AM,94.41252,12.6
11:45:18 AM,94.461278,12.3
11:45:19 AM,94.465677,12.4
11:45:20 AM,94.529612,13.3
11:45:21 AM,94.55056,13.8
11:45:22 AM,94.583457,12
11:45:23 AM,94.624387,11.7
11:45:24 AM,94.667659,11
11:45:25 AM,94.6987,11
11:45:26 AM,94.701929,10.3
11:45:27 AM,94.755092,10.3
11:45:28 AM,94.789848,10.5
11:45:29 AM,94.836756,10.7
11:45:30 AM,94.843215,10.4
11:45:31 AM,94.873572,10.4
11:45:32 AM,94.89521,10.7
11:45:33 AM,94.918704,10.4
11:45:34 AM,94.964242,10.8
11:45:35 AM,94.969531,10.3
11:45:36 AM,95.014181,10.4
11:45:37 AM,95.027302,9.7
11:45:38 AM,95.04983,10.3
11:45:39 AM,95.095854,9.9
11:45:40 AM,95.146482,10.7
11:45:41 AM,95.151771,9.8
11:45:42 AM,95.145795,9.6
11:45:43 AM,95.216207,10.4
11:45:44 AM,95.232075,11.3
11:45:45 AM,95.259005,11
11:45:46 AM,95.275357,10.6
11:45:47 AM,95.30572,10.8
11:45:48 AM,95.339313,10.2
11:45:49 AM,95.363498,10.1
11:45:50 AM,95.403755,11
11:45:51 AM,95.401695,11.5
11:45:52 AM,95.453016,11.8
11:45:53 AM,95.463595,11.3
11:45:54 AM,95.501794,12
11:45:55 AM,95.524124,12.6
11:45:56 AM,95.540477,11.6
11:45:57 AM,95.58005,11.3
11:45:58 AM,95.595234,10.6
11:45:59 AM,95.637352,10.4
11:46:00 AM,95.635292,11.1
11:46:01 AM,95.653706,10
11:46:02 AM,95.6827,11.3
11:46:03 AM,95.720216,11.6
11:46:04 AM,95.73011,10.9
11:46:05 AM,95.774774,10.4
11:46:06 AM,95.799166,9.6
11:46:07 AM,95.855989,10
11:46:08 AM,95.86451,9.5
11:46:09 AM,95.89076,9.8
11:46:10 AM,95.91378,10.1
11:46:11 AM,95.934257,9.9
11:46:12 AM,95.981468,10.9
11:46:13 AM,96.000775,10.8
11:46:14 AM,96.031428,10.6
11:46:15 AM,96.044553,10.7
11:46:16 AM,96.066405,11.2
11:46:17 AM,96.097261,11.5
11:46:18 AM,96.13341,12.3
11:46:19 AM,96.14674,11.7
11:46:20 AM,96.172993,11.5
11:46:21 AM,96.187494,11.9
11:46:22 AM,96.221099,12
11:46:23 AM,96.249414,10.6
11:46:24 AM,96.286048,10.3
11:46:25 AM,96.293401,10.1
11:46:26 AM,96.316424,9.1
11:46:27 AM,96.327695,9.1
11:46:28 AM,96.350032,8.9
11:46:29 AM,96.38158,9.7
11:46:30 AM,96.413127,9.8
11:46:31 AM,96.439587,10.2
11:46:32 AM,96.4389,9.2
11:46:33 AM,96.480346,9.1
11:46:34 AM,96.50729,9.5
11:46:35 AM,96.503372,9.2
11:46:36 AM,96.553546,10.6
11:46:37 AM,96.581661,10.3
11:46:38 AM,96.597538,10
11:46:39 AM,96.628402,9.5
11:46:40 AM,96.630463,10.2
11:46:41 AM,96.66868,10.8
11:46:42 AM,96.683184,10.8
11:46:43 AM,96.68181,11
11:46:44 AM,96.720028,10.6
11:46:45 AM,96.750894,11.1
11:46:46 AM,96.774609,11
11:46:47 AM,96.835171,10.4
11:46:48 AM,96.947088,8.9
11:46:49 AM,97.158976,8.4
11:46:50 AM,97.436069,9.4
11:46:51 AM,97.787403,8.3
11:46:52 AM,98.265492,8.8
11:46:53 AM,98.875993,9
11:46:54 AM,99.562308,8.3
11:46:55 AM,100.333251,8.7
11:46:56 AM,101.205325,8.7
11:46:57 AM,102.210971,9.7
11:46:58 AM,103.264696,9.9
11:46:59 AM,104.432477,9.2
11:47:00 AM,105.666614,9.1
11:47:01 AM,106.971956,8.8
11:47:02 AM,108.366631,9.5
11:47:03 AM,109.807833,8.7
11:47:04 AM,111.28523,9.7
11:47:05 AM,112.86811,10.5
11:47:06 AM,114.513525,11.4
11:47:07 AM,116.187734,11.2
11:47:08 AM,117.942745,10.7
11:47:09 AM,119.689727,11.4
11:47:10 AM,121.506218,11.2
11:47:11 AM,123.352664,11.3
11:47:12 AM,125.252054,13.1
11:47:13 AM,127.164289,12.3
11:47:14 AM,129.124814,12
11:47:15 AM,131.093384,12.4
11:47:16 AM,133.091624,11.8
11:47:17 AM,135.094832,11.2
11:47:18 AM,137.175537,11.4
11:47:19 AM,139.197223,12.1
11:47:20 AM,141.237953,11.9
11:47:21 AM,143.279816,11
11:47:22 AM,145.261714,10.8
11:47:23 AM,147.218215,9.8
11:47:24 AM,149.148704,10.2
11:47:25 AM,151.052319,10.3
11:47:26 AM,152.917539,10.5
11:47:27 AM,154.71815,10
11:47:28 AM,156.50186,10.3
11:47:29 AM,158.197602,11
11:47:30 AM,159.850784,9.9
11:47:31 AM,161.451279,10.7
11:47:32 AM,163.023756,11.6
11:47:33 AM,164.575939,11.8
11:47:34 AM,166.080401,12.1
11:47:35 AM,167.524182,12.8
11:47:36 AM,168.926242,13.5
11:47:37 AM,170.227194,13.1
11:47:38 AM,171.525607,13
11:47:39 AM,172.71557,12.8
11:47:40 AM,173.841625,12.8
11:47:41 AM,174.897029,12.1
11:47:42 AM,175.939692,12
11:47:43 AM,176.880663,13.5
11:47:44 AM,177.760128,13.3
11:47:45 AM,178.610616,13.1
11:47:46 AM,179.3767,13.3
11:47:47 AM,180.11562,13.2
11:47:48 AM,180.781072,13.7
11:47:49 AM,181.488076,13.8
11:47:50 AM,182.101082,14.3
11:47:51 AM,182.677135,14.8
11:47:52 AM,183.224565,14.4
11:47:53 AM,183.729262,15
11:47:54 AM,184.205829,15.9
11:47:55 AM,184.64493,16.4
11:47:56 AM,185.064942,17.7
11:47:57 AM,185.477546,17.7
11:47:58 AM,185.853893,18.9
11:47:59 AM,186.209936,18.3
11:48:00 AM,186.537842,18.6
11:48:01 AM,186.84117,18.8
11:48:02 AM,187.136376,18.8
11:48:03 AM,187.410566,19.2
11:48:04 AM,187.677844,18.9
11:48:05 AM,187.901667,21.5
11:48:06 AM,188.137458,21.1
11:48:07 AM,188.338626,22.3
11:48:08 AM,188.532884,23.3
11:48:09 AM,188.721156,23.9
11:48:10 AM,188.878655,24.3
11:48:11 AM,189.07241,25.1
11:48:12 AM,189.190301,25
11:48:13 AM,189.362115,26.5
11:48:14 AM,189.483566,27.6
11:48:15 AM,189.600744,28.2
11:48:16 AM,189.688074,28
11:48:17 AM,189.810023,29.1
11:48:18 AM,189.891868,29
11:48:19 AM,189.96894,28.6
11:48:20 AM,190.065101,28.3
11:48:21 AM,190.135264,29.4
11:48:22 AM,190.205638,29.3
11:48:23 AM,190.280573,30.2
11:48:24 AM,190.364552,30.7
11:48:25 AM,190.39105,32.3
11:48:26 AM,190.453803,33.7
11:48:27 AM,190.518692,34.3
11:48:28 AM,190.555446,35.3
11:48:29 AM,190.595762,36.9
11:48:30 AM,190.623683,38.5
11:48:31 AM,190.682163,39.4
11:48:32 AM,190.71913,39.3
11:48:33 AM,190.787366,41.2
11:48:34 AM,190.779246,41.8
11:48:35 AM,190.798335,43.4
11:48:36 AM,190.861086,44.3
11:48:37 AM,190.879963,45.1
11:48:38 AM,190.88972,47.3
11:48:39 AM,190.907385,46.7
11:48:40 AM,190.938154,47.1
11:48:41 AM,190.974908,48.4
11:48:42 AM,190.996846,49.8
11:48:43 AM,190.978968,51.3
11:48:44 AM,191.020707,52.2
11:48:45 AM,191.04528,54.2
11:48:46 AM,191.056036,54.9
11:48:47 AM,191.08823,55
11:48:48 AM,191.124983,55.5
11:48:49 AM,191.123772,56.6
11:48:50 AM,191.127832,56.8
11:48:51 AM,191.179614,57
11:48:52 AM,191.191794,57.8
11:48:53 AM,191.190582,59.4
11:48:54 AM,191.208959,60.6
11:48:55 AM,191.239728,60.8
11:48:56 AM,191.262877,62.9
11:48:57 AM,191.270997,63.8
11:48:58 AM,191.330399,64.7
11:48:59 AM,191.372636,66.1
11:49:00 AM,191.376696,66.8
11:49:01 AM,191.404617,66.8
11:49:02 AM,191.438021,67.8
11:49:03 AM,191.479759,67.8
11:49:04 AM,191.502907,67.8
11:49:05 AM,191.537024,68.9
11:49:06 AM,191.569716,68.7
11:49:07 AM,191.5955,68.4
11:49:08 AM,191.666083,68.4
11:49:09 AM,191.696425,67.8
11:49:10 AM,191.735527,68
11:49:11 AM,191.787306,67.2
11:49:12 AM,191.831679,68.5
11:49:13 AM,191.880111,68.1
11:49:14 AM,191.925694,68.2
11:49:15 AM,191.961946,66.8
11:49:16 AM,191.996774,67.8
11:49:17 AM,192.018284,67.8
11:49:18 AM,192.093424,68.4
11:49:19 AM,192.125616,68.4
11:49:20 AM,192.186226,69.5
11:49:21 AM,192.220341,68.8
11:49:22 AM,192.233232,68.8
11:49:23 AM,192.2838,70
11:49:24 AM,192.307659,69.8
11:49:25 AM,192.343198,70.5
11:49:26 AM,192.414063,71.4
11:49:27 AM,192.476096,71.9
11:49:28 AM,192.506863,72.3
11:49:29 AM,192.58777,72.3
11:49:30 AM,192.65144,73.4
11:49:31 AM,192.697733,73.8
11:49:32 AM,192.752144,73.9
11:49:33 AM,192.808193,73.2
11:49:34 AM,192.859257,75.2
11:49:35 AM,192.922001,74.4
11:49:36 AM,192.998346,75.2
11:49:37 AM,193.055605,75.1
11:49:38 AM,193.130027,75.8
11:49:39 AM,193.203523,76.8
11:49:40 AM,193.264342,77.3
11:49:41 AM,193.374798,76.9
11:49:42 AM,193.438037,76.4
11:49:43 AM,193.532966,75.9
11:49:44 AM,193.60646,76.4
11:49:45 AM,193.699964,75
11:49:46 AM,193.738633,76.5
11:49:47 AM,193.841678,76.9
11:49:48 AM,193.948782,76.7
11:49:49 AM,194.033239,77.6
11:49:50 AM,194.126526,76.4
11:49:51 AM,194.238398,77
11:49:52 AM,194.325701,77.4
11:49:53 AM,194.419199,77.8
11:49:54 AM,194.507712,78.3
11:49:55 AM,194.625561,77.5
11:49:56 AM,194.713574,78.8
11:49:57 AM,194.803508,78.8
11:49:58 AM,194.890807,79.4
11:49:59 AM,194.979529,80.1
11:50:00 AM,195.06469,80.3
11:50:01 AM,195.154621,82
11:50:02 AM,195.2338,83.5
11:50:03 AM,195.307994,84.3
11:50:04 AM,195.408888,84.7
11:50:05 AM,195.447052,86.6
11:50:06 AM,195.50501,88.6
11:50:07 AM,195.60042,87.8
11:50:08 AM,195.673899,88.3
11:50:09 AM,195.790026,88.2
11:50:10 AM,195.892125,88.9
11:50:11 AM,195.994223,88.9
11:50:12 AM,196.088418,89.2
11:50:13 AM,196.217924,90.3
11:50:14 AM,196.313326,88.8
11:50:15 AM,196.374625,89.5
11:50:16 AM,196.474297,90.1
11:50:17 AM,196.574253,90.7
11:50:18 AM,196.7066,91.2
11:50:19 AM,196.806055,90.6
11:50:20 AM,196.946514,90.2
11:50:21 AM,197.050024,89.5
11:50:22 AM,197.198594,88.1
11:50:23 AM,197.334989,87.2
11:50:24 AM,197.467822,88.3
11:50:25 AM,197.59923,88.6
11:50:26 AM,197.741099,88.2
11:50:27 AM,197.865099,89.5
11:50:28 AM,197.969309,90.4
11:50:29 AM,198.112381,91.4
11:50:30 AM,198.245201,91.2
11:50:31 AM,198.366559,92.9
11:50:32 AM,198.468841,93.4
11:50:33 AM,198.586636,93.9
11:50:34 AM,198.690124,93.5
11:50:35 AM,198.806707,95
11:50:36 AM,198.900156,95.5
11:50:37 AM,199.004137,96.3
11:50:38 AM,199.126195,96.9
11:50:39 AM,199.228466,96.8
11:50:40 AM,199.362689,96.2
11:50:41 AM,199.513135,96.3
11:50:42 AM,199.66308,95.5
11:50:43 AM,199.780855,96.2
11:50:44 AM,199.924604,96
11:50:45 AM,200.051413,95.6
11:50:46 AM,200.19302,95.6
11:50:47 AM,200.308651,95.5
11:50:48 AM,200.454523,96.2
11:50:49 AM,200.610423,96.5
11:50:50 AM,200.759631,96.6
11:50:51 AM,200.921217,97.9
11:50:52 AM,201.091904,98.1
11:50:53 AM,201.230359,97.4
11:50:54 AM,201.401963,97.5
11:50:55 AM,201.558551,97.9
11:50:56 AM,201.751347,99.3
11:50:57 AM,201.913404,99.9
11:50:58 AM,202.089044,99.8
11:50:59 AM,202.219863,100.6
11:51:00 AM,202.426223,101.1
11:51:01 AM,202.590181,100.9
11:51:02 AM,202.78152,100.1
11:51:03 AM,202.955925,99.8
11:51:04 AM,203.188004,99.3
11:51:05 AM,203.392906,98.8
11:51:06 AM,203.595667,98.4
11:51:07 AM,203.83341,97.5
11:51:08 AM,204.028047,97.4
11:51:09 AM,204.252686,98.7
11:51:10 AM,204.450649,99.6
11:51:11 AM,204.673847,100.1
11:51:12 AM,204.874853,100.4
11:51:13 AM,205.08232,99.9
11:51:14 AM,205.295253,100.1
11:51:15 AM,205.489337,98.6
11:51:16 AM,205.690594,98.7
11:51:17 AM,205.904426,98.5
11:51:18 AM,206.118033,97.5
11:51:19 AM,206.328292,98
11:51:20 AM,206.563773,98
11:51:21 AM,206.782113,99.6
11:51:22 AM,207.013306,101.2
11:51:23 AM,207.258986,102.3
11:51:24 AM,207.522276,104.6
11:51:25 AM,207.738439,104.3
11:51:26 AM,207.984791,104.8
11:51:27 AM,208.239014,105.2
11:51:28 AM,208.473686,105.6
11:51:29 AM,208.72717,106.5
11:51:30 AM,208.961104,106.9
11:51:31 AM,209.230473,107.1
11:51:32 AM,209.467008,106.7
11:51:33 AM,209.760138,107.8
11:51:34 AM,210.015676,106.8
11:51:35 AM,210.315442,108.1
11:51:36 AM,210.598996,107.6
11:51:37 AM,210.903477,108.7
11:51:38 AM,211.188196,109.7
11:51:39 AM,211.468137,108.4
11:51:40 AM,211.741883,108.7
11:51:41 AM,211.998219,109.1
11:51:42 AM,212.323744,109.9
11:51:43 AM,212.600269,108.9
11:51:44 AM,212.905302,108.8
11:51:45 AM,213.223155,108.1
11:51:46 AM,213.541691,108.6
11:51:47 AM,213.853317,108.6
11:51:48 AM,214.169883,109.3
11:51:49 AM,214.487627,111.4
11:51:50 AM,214.806762,112.6
11:51:51 AM,215.103527,113.5
11:51:52 AM,215.406933,114.4
11:51:53 AM,215.720525,114.2
11:51:54 AM,216.031465,116.3
11:51:55 AM,216.312457,116.6
11:51:56 AM,216.617885,117.1
11:51:57 AM,216.922576,118.7
11:51:58 AM,217.214197,118.6
11:51:59 AM,217.484175,118.8
11:52:00 AM,217.793537,119.7
11:52:01 AM,218.080547,119.6
11:52:02 AM,218.377521,120.3
11:52:03 AM,218.651658,122.1
11:52:04 AM,218.97706,124.4
11:52:05 AM,219.299101,126.1
11:52:06 AM,219.604961,127.7
11:52:07 AM,219.91412,129
11:52:08 AM,220.223248,130.5
11:52:09 AM,220.500554,130.8
11:52:10 AM,220.83929,131
11:52:11 AM,221.115123,131.9
11:52:12 AM,221.422222,131.8
11:52:13 AM,221.733818,132.7
11:52:14 AM,222.043473,132.7
11:52:15 AM,222.34623,133.4
11:52:16 AM,222.675493,133.7
11:52:17 AM,222.997149,133.8
11:52:18 AM,223.335607,135.6
11:52:19 AM,223.67233,136.7
11:52:20 AM,223.987015,138.3
11:52:21 AM,224.321543,139.4
11:52:22 AM,224.620037,140.5
11:52:23 AM,224.890076,142.6
11:52:24 AM,225.227114,143.9
11:52:25 AM,225.524806,147.1
11:52:26 AM,225.80494,149.5
11:52:27 AM,226.12837,152.2
11:52:28 AM,226.370565,155.9
11:52:29 AM,226.656548,157.1
11:52:30 AM,226.946744,158.7
11:52:31 AM,227.223415,161
11:52:32 AM,227.488473,163.5
11:52:33 AM,227.777874,163.8
11:52:34 AM,228.082641,164.9
11:52:35 AM,228.365343,166.3
11:52:36 AM,228.677601,165.6
11:52:37 AM,228.932351,165.8
11:52:38 AM,229.226329,166.8
11:52:39 AM,229.525712,167.6
11:52:40 AM,229.810874,167.9
11:52:41 AM,230.0634,167.9
11:52:42 AM,230.326768,168.1
11:52:43 AM,230.609021,168.2
11:52:44 AM,230.907051,169.9
11:52:45 AM,231.197989,171.5
11:52:46 AM,231.484383,172.5
11:52:47 AM,231.768629,174
11:52:48 AM,232.07788,175.2
11:52:49 AM,232.374119,176.1
11:52:50 AM,232.663697,177.9
11:52:51 AM,232.984894,179.7
11:52:52 AM,233.256711,181.3
11:52:53 AM,233.51243,181.8
11:52:54 AM,233.807307,184.2
11:52:55 AM,234.111592,186.2
11:52:56 AM,234.372438,187.3
11:52:57 AM,234.701666,188.4
11:52:58 AM,234.992882,188.3
11:52:59 AM,235.291602,191.4
11:53:00 AM,235.57944,193.2
11:53:01 AM,235.884004,194.1
11:53:02 AM,236.17931,196.1
11:53:03 AM,236.476481,198.1
11:53:04 AM,236.773616,200.4
11:53:05 AM,237.04925,201.1
11:53:06 AM,237.351031,203
11:53:07 AM,237.600212,204.4
11:53:08 AM,237.887784,205.1
11:53:09 AM,238.15647,208.3
11:53:10 AM,238.430542,211
11:53:11 AM,238.700576,217.2
11:53:12 AM,238.941603,220.3
11:53:13 AM,239.215588,224.5
11:53:14 AM,239.493549,227.6
11:53:15 AM,239.74863,231.1
11:53:16 AM,240.021821,235.8
11:53:17 AM,240.288864,237.5
11:53:18 AM,240.576824,243.6
11:53:19 AM,240.842614,246.4
11:53:20 AM,241.141115,249.2
11:53:21 AM,241.409441,252.3
11:53:22 AM,241.648305,253.7
11:53:23 AM,241.954927,256.6
11:53:24 AM,242.193523,257.7
11:53:25 AM,242.476549,260
11:53:26 AM,242.760245,260.2
11:53:27 AM,243.056614,262.3
11:53:28 AM,243.299315,263.7
11:53:29 AM,243.612321,264.4
11:53:30 AM,243.885775,267
11:53:31 AM,244.1893,269
11:53:32 AM,244.460795,267.8
11:53:33 AM,244.743552,271
11:53:34 AM,245.026275,271.5
11:53:35 AM,245.306157,273.2
11:53:36 AM,245.583413,274.5
11:53:37 AM,245.86933,277.2
11:53:38 AM,246.164121,279.5
11:53:39 AM,246.470862,281
11:53:40 AM,246.790248,283
11:53:41 AM,247.100901,284.4
11:53:42 AM,247.380537,287.9
11:53:43 AM,247.68782,292.1
11:53:44 AM,248.008231,296
11:53:45 AM,248.275292,298.6
11:53:46 AM,248.570755,300.6
11:53:47 AM,248.886078,302.8
11:53:48 AM,249.165499,305.2
11:53:49 AM,249.450493,309.2
11:53:50 AM,249.744619,311.6
11:53:51 AM,250.006578,315.5
11:53:52 AM,250.272497,316.5
11:53:53 AM,250.530621,317.4
11:53:54 AM,250.767648,320.4
11:53:55 AM,251.052445,324.2
11:53:56 AM,251.315657,326
11:53:57 AM,251.588912,329.7
11:53:58 AM,251.870809,332.6
11:53:59 AM,252.134414,335.5
11:54:00 AM,252.42163,339.1
11:54:01 AM,252.709508,340.6
11:54:02 AM,252.996653,342.3
11:54:03 AM,253.253349,346
11:54:04 AM,253.522391,348.1
11:54:05 AM,253.810833,351.6
11:54:06 AM,254.105106,354.5
11:54:07 AM,254.356511,358
11:54:08 AM,254.645548,360.9
11:54:09 AM,254.930355,366.9
11:54:10 AM,255.200388,371.4
11:54:11 AM,255.482544,378.7
11:54:12 AM,255.792735,382.4
11:54:13 AM,256.083476,388.7
11:54:14 AM,256.365524,395.6
11:54:15 AM,256.674201,402.5
11:54:16 AM,256.940539,406
11:54:17 AM,257.21641,409.1
11:54:18 AM,257.504604,413.1
11:54:19 AM,257.804965,415.3
11:54:20 AM,258.078639,418.2
11:54:21 AM,258.319082,419.7
11:54:22 AM,258.60016,422.4
11:54:23 AM,258.839155,425.5
11:54:24 AM,259.122263,428.3
11:54:25 AM,259.37919,433.5
11:54:26 AM,259.641942,438
11:54:27 AM,259.943633,441.3
11:54:28 AM,260.205837,444.7
11:54:29 AM,260.501177,446.8
11:54:30 AM,260.780112,447.9
11:54:31 AM,261.084929,450.2
11:54:32 AM,261.386218,452.2
11:54:33 AM,261.67835,454.8
11:54:34 AM,261.952266,457.5
11:54:35 AM,262.250173,461.1
11:54:36 AM,262.508149,463.2
11:54:37 AM,262.812042,466.5
11:54:38 AM,263.124528,467.5
11:54:39 AM,263.418319,470.7
11:54:40 AM,263.704838,474.7
11:54:41 AM,264.058463,479.2
11:54:42 AM,264.361461,480.9
11:54:43 AM,264.68515,484.9
11:54:44 AM,264.978746,490.2
11:54:45 AM,265.315631,493.8
11:54:46 AM,265.600316,498.2
11:54:47 AM,265.929188,502
11:54:48 AM,266.21144,505.7
11:54:49 AM,266.52931,511
11:54:50 AM,266.840819,517.6
11:54:51 AM,267.146725,522.9
11:54:52 AM,267.487957,529.8
11:54:53 AM,267.800307,537.3
11:54:54 AM,268.162146,542.1
11:54:55 AM,268.448091,546.4
11:54:56 AM,268.82101,553.2
11:54:57 AM,269.133881,557.6
11:54:58 AM,269.423666,562.1
11:54:59 AM,269.776443,564
11:55:00 AM,270.093569,567
11:55:01 AM,270.389549,569.4
11:55:02 AM,270.738441,574.6
11:55:03 AM,271.030599,578.6
11:55:04 AM,271.351996,584
11:55:05 AM,271.651505,588.8
11:55:06 AM,271.952153,592.3
11:55:07 AM,272.243471,595.7
11:55:08 AM,272.551467,600.5
11:55:09 AM,272.860118,603.8
11:55:10 AM,273.192431,607.2
11:55:11 AM,273.510982,610.4
11:55:12 AM,273.845289,614
11:55:13 AM,274.186755,617.4
11:55:14 AM,274.497763,622.5
11:55:15 AM,274.856528,624.6
11:55:16 AM,275.144249,628
11:55:17 AM,275.459296,630.5
11:55:18 AM,275.793821,631.6
11:55:19 AM,276.118064,633.4
11:55:20 AM,276.466415,637.8
11:55:21 AM,276.793821,641.5
11:55:22 AM,277.109836,644.1
11:55:23 AM,277.458955,646.6
11:55:24 AM,277.808027,647.1
11:55:25 AM,278.121836,649.5
11:55:26 AM,278.49516,653.7
11:55:27 AM,278.822095,655.2
11:55:28 AM,279.149892,659.7
11:55:29 AM,279.464441,667
11:55:30 AM,279.846142,674.9
11:55:31 AM,280.157839,683.5
11:55:32 AM,280.49196,693.3
11:55:33 AM,280.86771,703.7
11:55:34 AM,281.198282,711.5
11:55:35 AM,281.588506,716.4
11:55:36 AM,281.919892,723
11:55:37 AM,282.32251,728.5
11:55:38 AM,282.647581,730.8
11:55:39 AM,282.99803,734.2
11:55:40 AM,283.325093,742.4
11:55:41 AM,283.665511,746.2
11:55:42 AM,283.999189,750.4
11:55:43 AM,284.318264,752.9
11:55:44 AM,284.670355,757.2
11:55:45 AM,284.984727,759.8
11:55:46 AM,285.305066,763.1
11:55:47 AM,285.60991,763.5
11:55:48 AM,285.936178,769.3
11:55:49 AM,286.242543,772.5
11:55:50 AM,286.567356,779.6
11:55:51 AM,286.88406,785.7
11:55:52 AM,287.227274,793.9
11:55:53 AM,287.55335,800.5
11:55:54 AM,287.885176,805.9
11:55:55 AM,288.209586,809.8
11:55:56 AM,288.56325,816.7
11:55:57 AM,288.843699,821.9
11:55:58 AM,289.183225,826.5
11:55:59 AM,289.480005,831.9
11:56:00 AM,289.793145,836.4
11:56:01 AM,290.137862,840
11:56:02 AM,290.495902,845.6
11:56:03 AM,290.811,850.8
11:56:04 AM,291.159519,854.4
11:56:05 AM,291.489547,858.6
11:56:06 AM,291.827596,861.1
11:56:07 AM,292.181506,863.2
11:56:08 AM,292.512798,867.2
11:56:09 AM,292.856506,872.9
11:56:10 AM,293.191166,878.7
11:56:11 AM,293.499301,884
11:56:12 AM,293.837121,896.5
11:56:13 AM,294.133908,902.9
11:56:14 AM,294.45206,912.8
11:56:15 AM,294.74418,923.3
11:56:16 AM,295.067353,929.3
11:56:17 AM,295.358249,934.8
11:56:18 AM,295.663622,941.3
11:56:19 AM,295.952397,945.3
11:56:20 AM,296.289258,948.5
11:56:21 AM,296.605124,952.9
11:56:22 AM,296.924663,960.9
11:56:23 AM,297.210781,962.3
11:56:24 AM,297.507455,968
11:56:25 AM,297.845313,967.9
11:56:26 AM,298.143991,969.1
11:56:27 AM,298.448883,972.3
11:56:28 AM,298.768448,972.6
11:56:29 AM,299.059688,973.5
11:56:30 AM,299.371156,978.1
11:56:31 AM,299.660492,978
11:56:32 AM,299.993048,977.7
11:56:33 AM,300.304215,981.1
11:56:34 AM,300.630945,984.4
11:56:35 AM,300.926619,990.6
11:56:36 AM,301.244568,1000.4
11:56:37 AM,301.59192,1009.4
11:56:38 AM,301.890732,1019.5
11:56:39 AM,302.20468,1026.5
11:56:40 AM,302.531014,1033.6
11:56:41 AM,302.82446,1040.6
11:56:42 AM,303.127283,1044.6
11:56:43 AM,303.454004,1048.6
11:56:44 AM,303.782965,1049.6
11:56:45 AM,304.132804,1053.7
11:56:46 AM,304.489736,1055.7
11:56:47 AM,304.823668,1055.7
11:56:48 AM,305.158254,1058.7
11:56:49 AM,305.49761,1061.7
11:56:50 AM,305.807802,1065.7
11:56:51 AM,306.134485,1071.8
11:56:52 AM,306.429002,1074.8
11:56:53 AM,306.764809,1076.8
11:56:54 AM,307.082912,1079.8
11:56:55 AM,307.431741,1080.8
11:56:56 AM,307.740608,1082.8
11:56:57 AM,308.021915,1086.8
11:56:58 AM,308.338537,1089.9
11:56:59 AM,308.626917,1089.9
11:57:00 AM,308.925136,1092.9
11:57:01 AM,309.232507,1095.9
11:57:02 AM,309.553614,1095.9
11:57:03 AM,309.868262,1096.9
11:57:04 AM,310.190001,1097.9
11:57:05 AM,310.486041,1099.9
11:57:06 AM,310.807728,1101.9
11:57:07 AM,311.117478,1103.9
11:57:08 AM,311.435213,1106.9
11:57:09 AM,311.740328,1111
11:57:10 AM,312.052954,1111
11:57:11 AM,312.376356,1113
11:57:12 AM,312.685508,1114
11:57:13 AM,312.991897,1114
11:57:14 AM,313.290467,1112
11:57:15 AM,313.627516,1114
11:57:16 AM,313.941154,1115
11:57:17 AM,314.276991,1119
11:57:18 AM,314.621279,1120
11:57:19 AM,314.941949,1121
11:57:20 AM,315.268543,1125
11:57:21 AM,315.587795,1127.1
11:57:22 AM,315.899915,1127.1
11:57:23 AM,316.239489,1131.1
11:57:24 AM,316.549509,1134.1
11:57:25 AM,316.881243,1136.1
11:57:26 AM,317.218897,1136.1
11:57:27 AM,317.547158,1138.1
11:57:28 AM,317.879499,1139.1
11:57:29 AM,318.215497,1139.1
11:57:30 AM,318.559939,1140.1
11:57:31 AM,318.953067,1140.1
11:57:32 AM,319.264261,1141.1
11:57:33 AM,319.594421,1142.1
11:57:34 AM,319.914038,1143.1
11:57:35 AM,320.237052,1141.1
11:57:36 AM,320.552049,1143.1
11:57:37 AM,320.891264,1145.2
11:57:38 AM,321.172829,1146.2
11:57:39 AM,321.478141,1149.2
11:57:40 AM,321.796943,1152.2
11:57:41 AM,322.104265,1157.2
11:57:42 AM,322.375926,1156.2
11:57:43 AM,322.70518,1154.2
11:57:44 AM,322.988685,1156.2
11:57:45 AM,323.298924,1156.2
11:57:46 AM,323.615765,1155.2
11:57:47 AM,323.94882,1152.2
11:57:48 AM,324.274078,1151.2
11:57:49 AM,324.573254,1149.2
11:57:50 AM,324.906244,1144.1
11:57:51 AM,325.212473,1141.1
11:57:52 AM,325.500402,1138.1
11:57:53 AM,325.815734,1135.1
11:57:54 AM,326.117337,1134.1
11:57:55 AM,326.401327,1132.1
11:57:56 AM,326.74013,1131.1
11:57:57 AM,327.060636,1129.1
11:57:58 AM,327.387738,1130.1
11:57:59 AM,327.713243,1128.1
11:58:00 AM,328.058575,1123
11:58:01 AM,328.414856,1123
11:58:02 AM,328.738671,1121
11:58:03 AM,329.06934,1116
11:58:04 AM,329.363455,1114
11:58:05 AM,329.698863,1110
11:58:06 AM,329.990425,1108
11:58:07 AM,330.293832,1105.9
11:58:08 AM,330.62005,1104.9
11:58:09 AM,330.925258,1100.9
11:58:10 AM,331.182749,1097.9
11:58:11 AM,331.47103,1093.9
11:58:12 AM,331.793977,1089.9
11:58:13 AM,332.079497,1088.8
11:58:14 AM,332.373659,1089.9
11:58:15 AM,332.665077,1088.8
11:58:16 AM,332.999129,1086.8
11:58:17 AM,333.313802,1082.8
11:58:18 AM,333.595363,1077.8
11:58:19 AM,333.928677,1075.8
11:58:20 AM,334.249907,1072.8
11:58:21 AM,334.533467,1069.7
11:58:22 AM,334.852146,1067.7
11:58:23 AM,335.165094,1062.7
11:58:24 AM,335.466856,1056.7
11:58:25 AM,335.767238,1056.7
11:58:26 AM,336.104776,1053.7
11:58:27 AM,336.418809,1049.6
11:58:28 AM,336.73487,1046.6
11:58:29 AM,337.0712,1040.6
11:58:30 AM,337.417572,1039.6
11:58:31 AM,337.76094,1035.6
11:58:32 AM,338.073051,1032.5
11:58:33 AM,338.402021,1027.5
11:58:34 AM,338.716614,1025.5
11:58:35 AM,339.03643,1022.5
11:58:36 AM,339.363304,1018.5
11:58:37 AM,339.678528,1017.5
11:58:38 AM,340.011969,1017.5
11:58:39 AM,340.347225,1017.5
11:58:40 AM,340.698392,1013.4
11:58:41 AM,341.067556,1009.4
11:58:42 AM,341.407993,1007.4
11:58:43 AM,341.73998,1006.4
11:58:44 AM,342.0929,1002.4
11:58:45 AM,342.432131,1000.4
11:58:46 AM,342.764533,1000.4
11:58:47 AM,343.108496,999.4
11:58:48 AM,343.411015,996.4
11:58:49 AM,343.739703,993
11:58:50 AM,344.055389,990.6
11:58:51 AM,344.376085,987.8
11:58:52 AM,344.693101,984.3
11:58:53 AM,345.013296,982.5
11:58:54 AM,345.326196,976
11:58:55 AM,345.615631,970.8
11:58:56 AM,345.956038,969
11:58:57 AM,346.253401,966.7
11:58:58 AM,346.611779,961
11:58:59 AM,346.920261,960.7
11:59:00 AM,347.273157,957.1
11:59:01 AM,347.601182,953.6
11:59:02 AM,347.906897,950
11:59:03 AM,348.259483,947.7
11:59:04 AM,348.599543,944.1
11:59:05 AM,348.922059,940.2
11:59:06 AM,349.228395,939.4
11:59:07 AM,349.560664,939.3
11:59:08 AM,349.876753,936.1
11:59:09 AM,350.220603,931.1
11:59:10 AM,350.563966,931.4
11:59:11 AM,350.891408,931.4
11:59:12 AM,351.25817,928.6
11:59:13 AM,351.557809,924.9
11:59:14 AM,351.899277,924.5
11:59:15 AM,352.255525,923.4
11:59:16 AM,352.575828,921.4
11:59:17 AM,352.93591,918.8
11:59:18 AM,353.246403,918.3
11:59:19 AM,353.587787,914.6
11:59:20 AM,353.925754,913.6
11:59:21 AM,354.251888,913.7
11:59:22 AM,354.609164,909.2
11:59:23 AM,354.943892,908.5
11:59:24 AM,355.299304,908.3
11:59:25 AM,355.640377,909.9
11:59:26 AM,355.996222,910.1
11:59:27 AM,356.311337,909.6
11:59:28 AM,356.621891,908.1
11:59:29 AM,356.951977,904.9
11:59:30 AM,357.279328,902.4
11:59:31 AM,357.602119,900.4
11:59:32 AM,357.904883,899.5
11:59:33 AM,358.219701,899.3
11:59:34 AM,358.53085,901
11:59:35 AM,358.868579,899.7
11:59:36 AM,359.151069,898.4
11:59:37 AM,359.43992,898.3
11:59:38 AM,359.751015,895.5
11:59:39 AM,360.062564,894.2
11:59:40 AM,360.369767,892.8
11:59:41 AM,360.682437,892.8
11:59:42 AM,361.038238,893.8
11:59:43 AM,361.346078,894
11:59:44 AM,361.634159,890.6
11:59:45 AM,361.972419,889.3
11:59:46 AM,362.273636,889.7
11:59:47 AM,362.569619,890.5
11:59:48 AM,362.878539,888.9
11:59:49 AM,363.188125,887.1
11:59:50 AM,363.531319,888.2
11:59:51 AM,363.842234,886.1
11:59:52 AM,364.160182,883
11:59:53 AM,364.479474,883.5
11:59:54 AM,364.831221,883.7
11:59:55 AM,365.175482,880.2
11:59:56 AM,365.483141,879
11:59:57 AM,365.803052,877.8
11:59:58 AM,366.143148,878.5
11:59:59 AM,366.437398,878.7
12:00:00 PM,366.774069,880.1
12:00:01 PM,367.089381,881
12:00:02 PM,367.406503,878.7
12:00:03 PM,367.710671,881.8
12:00:04 PM,367.990302,879.9
12:00:05 PM,368.276287,879.2
12:00:06 PM,368.588816,878
12:00:07 PM,368.857978,876.4
12:00:08 PM,369.171626,877.3
12:00:09 PM,369.497942,878
12:00:10 PM,369.809738,878.3
12:00:11 PM,370.111976,876.2
12:00:12 PM,370.442574,877.1
12:00:13 PM,370.770655,877.7
12:00:14 PM,371.073996,879.9
12:00:15 PM,371.35714,881
12:00:16 PM,371.674278,882.2
12:00:17 PM,371.972365,879.6
12:00:18 PM,372.28019,879.1
12:00:19 PM,372.586179,880.8
12:00:20 PM,372.906229,882.4
12:00:21 PM,373.243942,880.7
12:00:22 PM,373.560782,881.9
12:00:23 PM,373.859464,884.3
12:00:24 PM,374.197129,886
12:00:25 PM,374.556098,886.3
12:00:26 PM,374.87809,885.5
12:00:27 PM,375.181249,887.1
12:00:28 PM,375.510458,886.5
12:00:29 PM,375.835582,885.8
12:00:30 PM,376.142767,886.8
12:00:31 PM,376.456759,889
12:00:32 PM,376.826708,886.4
12:00:33 PM,377.125712,888.2
12:00:34 PM,377.484524,887.7
12:00:35 PM,377.813154,889.6
12:00:36 PM,378.167862,888.5
12:00:37 PM,378.514377,889.5
12:00:38 PM,378.834145,892.6
12:00:39 PM,379.140513,890.8
12:00:40 PM,379.466816,893.6
12:00:41 PM,379.821436,893.1
12:00:42 PM,380.141353,894.7
12:00:43 PM,380.444272,894.4
12:00:44 PM,380.773686,897
12:00:45 PM,381.05731,896.9
12:00:46 PM,381.395077,899.1
12:00:47 PM,381.666226,901.5
12:00:48 PM,382.000997,904
12:00:49 PM,382.29748,904
12:00:50 PM,382.58218,903.7
12:00:51 PM,382.916227,904.9
12:00:52 PM,383.213134,905
12:00:53 PM,383.536523,906.3
12:00:54 PM,383.897016,906.3
12:00:55 PM,384.188883,908.2
12:00:56 PM,384.516074,910.2
12:00:57 PM,384.812441,910.4
12:00:58 PM,385.142309,911.3
12:00:59 PM,385.451553,913
12:01:00 PM,385.781388,913.1
12:01:01 PM,386.08675,915.9
12:01:02 PM,386.415197,917.5
12:01:03 PM,386.765797,919.2
12:01:04 PM,387.091037,920
12:01:05 PM,387.428484,921.4
12:01:06 PM,387.762954,924.8
12:01:07 PM,388.086323,924.5
12:01:08 PM,388.406968,925.2
12:01:09 PM,388.719224,926.3
12:01:10 PM,389.085088,927.8
12:01:11 PM,389.392107,931.1
12:01:12 PM,389.726259,930.4
12:01:13 PM,390.052021,932.6
12:01:14 PM,390.399921,934.5
12:01:15 PM,390.734019,937.5
12:01:16 PM,391.07444,938.4
12:01:17 PM,391.420253,938.3
12:01:18 PM,391.793186,939.8
12:01:19 PM,392.107763,939.8
12:01:20 PM,392.467763,941.3
12:01:21 PM,392.815315,945.8
12:01:22 PM,393.138419,949
12:01:23 PM,393.471903,948.7
12:01:24 PM,393.766955,951.2
12:01:25 PM,394.099516,953
12:01:26 PM,394.428891,954.5
12:01:27 PM,394.720264,955.5
12:01:28 PM,394.999876,959.8
12:01:29 PM,395.349523,961.3
12:01:30 PM,395.644484,964.2
12:01:31 PM,395.933769,965.5
12:01:32 PM,396.241797,966.6
12:01:33 PM,396.563367,968.9
12:01:34 PM,396.873389,967.2
12:01:35 PM,397.185211,970.3
12:01:36 PM,397.518259,973
12:01:37 PM,397.857159,974.5
12:01:38 PM,398.193337,976
12:01:39 PM,398.454928,980.3
12:01:40 PM,398.780009,984.8
12:01:41 PM,399.118373,987.7
12:01:42 PM,399.430754,988.5
12:01:43 PM,399.740627,990.9
12:01:44 PM,400.085733,992
12:01:45 PM,400.410261,993
12:01:46 PM,400.727765,992.8
12:01:47 PM,401.076865,993.2
12:01:48 PM,401.415562,997.4
12:01:49 PM,401.763271,997.4
12:01:50 PM,402.089734,998.4
12:01:51 PM,402.394742,999.4
12:01:52 PM,402.752774,1000.4
12:01:53 PM,403.029985,1003.4
12:01:54 PM,403.353214,1005.4
12:01:55 PM,403.684778,1005.4
12:01:56 PM,403.98654,1008.4
12:01:57 PM,404.278584,1008.4
12:01:58 PM,404.558424,1008.4
12:01:59 PM,404.875031,1010.4
12:02:00 PM,405.192971,1010.4
12:02:01 PM,405.47458,1014.4
12:02:02 PM,405.75255,1014.4
12:02:03 PM,406.070443,1017.5
12:02:04 PM,406.43209,1020.5
12:02:05 PM,406.696268,1022.5
12:02:06 PM,407.045016,1022.5
12:02:07 PM,407.355629,1025.5
12:02:08 PM,407.654505,1030.5
12:02:09 PM,407.984692,1032.5
12:02:10 PM,408.29007,1036.6
12:02:11 PM,408.613012,1038.6
12:02:12 PM,408.94407,1040.6
12:02:13 PM,409.235407,1041.6
12:02:14 PM,409.548392,1043.6
12:02:15 PM,409.88412,1045.6
12:02:16 PM,410.202466,1048.6
12:02:17 PM,410.531624,1050.6
12:02:18 PM,410.875428,1051.6
12:02:19 PM,411.188538,1052.7
12:02:20 PM,411.524848,1055.7
12:02:21 PM,411.848078,1056.7
12:02:22 PM,412.194502,1058.7
12:02:23 PM,412.480499,1060.7
12:02:24 PM,412.826213,1062.7
12:02:25 PM,413.126838,1067.7
12:02:26 PM,413.474749,1066.7
12:02:27 PM,413.813878,1067.7
12:02:28 PM,414.152526,1068.7
12:02:29 PM,414.496334,1072.8
12:02:30 PM,414.83945,1076.8
12:02:31 PM,415.180524,1075.8
12:02:32 PM,415.476527,1078.8
12:02:33 PM,415.84346,1080.8
12:02:34 PM,416.172312,1080.8
12:02:35 PM,416.495295,1079.8
12:02:36 PM,416.808117,1082.8
12:02:37 PM,417.120249,1084.8
12:02:38 PM,417.472688,1087.8
12:02:39 PM,417.762943,1088.8
12:02:40 PM,418.070524,1089.9
12:02:41 PM,418.363907,1092.9
12:02:42 PM,418.683621,1093.9
12:02:43 PM,418.964141,1095.9
12:02:44 PM,419.285633,1095.9
12:02:45 PM,419.604165,1101.9
12:02:46 PM,419.942498,1103.9
12:02:47 PM,420.263267,1106.9
12:02:48 PM,420.575229,1110
12:02:49 PM,420.903834,1114
12:02:50 PM,421.209918,1115
12:02:51 PM,421.521834,1116
12:02:52 PM,421.837562,1118
12:02:53 PM,422.154622,1123
12:02:54 PM,422.481129,1123
12:02:55 PM,422.760139,1125
12:02:56 PM,423.11946,1128.1
12:02:57 PM,423.452438,1131.1
12:02:58 PM,423.786746,1132.1
12:02:59 PM,424.101021,1133.1
12:03:00 PM,424.483439,1138.1
12:03:01 PM,424.796336,1140.1
12:03:02 PM,425.119773,1141.1
12:03:03 PM,425.443657,1143.1
12:03:04 PM,425.783499,1144.1
12:03:05 PM,426.126016,1149.2
12:03:06 PM,426.406894,1151.2
12:03:07 PM,426.766025,1151.2
12:03:08 PM,427.112318,1152.2
12:03:09 PM,427.423964,1153.2
12:03:10 PM,427.761232,1156.2
12:03:11 PM,428.115337,1160.2
12:03:12 PM,428.486988,1165.3
12:03:13 PM,428.820382,1168.3
12:03:14 PM,429.107458,1172.3
12:03:15 PM,429.440826,1172.3
12:03:16 PM,429.786992,1177.3
12:03:17 PM,430.108188,1179.3
12:03:18 PM,430.427354,1183.4
12:03:19 PM,430.76898,1181.3
12:03:20 PM,431.075979,1182.3
12:03:21 PM,431.362297,1186.4
12:03:22 PM,431.664777,1188.4
12:03:23 PM,431.987028,1191.4
12:03:24 PM,432.293095,1195.4
12:03:25 PM,432.587224,1197.4
12:03:26 PM,432.896169,1199.4
12:03:27 PM,433.208711,1200.4
12:03:28 PM,433.52393,1201.5
12:03:29 PM,433.852618,1202.5
12:03:30 PM,434.174783,1201.5
12:03:31 PM,434.500756,1203.5
12:03:32 PM,434.787627,1206.5
12:03:33 PM,435.101655,1207.5
12:03:34 PM,435.41546,1208.5
12:03:35 PM,435.751043,1211.5
12:03:36 PM,436.073349,1216.5
12:03:37 PM,436.367808,1214.5
12:03:38 PM,436.709864,1217.5
12:03:39 PM,437.054382,1220.6
12:03:40 PM,437.376431,1221.6
12:03:41 PM,437.697336,1224.6
12:03:42 PM,438.038671,1224.6
12:03:43 PM,438.384946,1230.6
12:03:44 PM,438.701998,1234.6
12:03:45 PM,439.013878,1239.7
12:03:46 PM,439.412873,1237.6
12:03:47 PM,439.720701,1238.7
12:03:48 PM,440.012113,1238.7
12:03:49 PM,440.351354,1241.7
12:03:50 PM,440.678457,1239.7
12:03:51 PM,440.997243,1242.7
12:03:52 PM,441.266631,1242.7
12:03:53 PM,441.581581,1245.7
12:03:54 PM,441.907304,1247.7
12:03:55 PM,442.18519,1250.7
12:03:56 PM,442.501917,1251.7
12:03:57 PM,442.803154,1251.7
12:03:58 PM,443.149697,1252.7
12:03:59 PM,443.481879,1252.7
12:04:00 PM,443.806207,1254.7
12:04:01 PM,444.128723,1254.7
12:04:02 PM,444.461551,1256.7
12:04:03 PM,444.765425,1255.7
12:04:04 PM,445.085443,1258.8
12:04:05 PM,445.400754,1256.7
12:04:06 PM,445.756661,1256.7
12:04:07 PM,446.054216,1259.8
12:04:08 PM,446.390812,1260.8
12:04:09 PM,446.72157,1258.8
12:04:10 PM,447.083946,1258.8
12:04:11 PM,447.400555,1258.8
12:04:12 PM,447.753727,1261.8
12:04:13 PM,448.10509,1262.8
12:04:14 PM,448.462735,1261.8
12:04:15 PM,448.777302,1263.8
12:04:16 PM,449.115852,1262.8
12:04:17 PM,449.467856,1264.8
12:04:18 PM,449.784418,1263.8
12:04:19 PM,450.109488,1260.8
12:04:20 PM,450.471578,1260.8
12:04:21 PM,450.829844,1260.8
12:04:22 PM,451.165672,1262.8
12:04:23 PM,451.534912,1264.8
12:04:24 PM,451.882173,1265.8
12:04:25 PM,452.234797,1263.8
12:04:26 PM,452.587875,1261.8
12:04:27 PM,452.933777,1260.8
12:04:28 PM,453.265967,1259.8
12:04:29 PM,453.609385,1257.8
12:04:30 PM,453.894481,1256.7
12:04:31 PM,454.260321,1256.7
12:04:32 PM,454.580165,1260.8
12:04:33 PM,454.88789,1260.8
12:04:34 PM,455.18777,1260.8
12:04:35 PM,455.506722,1259.8
12:04:36 PM,455.844705,1258.8
12:04:37 PM,456.134933,1255.7
12:04:38 PM,456.421804,1251.7
12:04:39 PM,456.784678,1250.7
12:04:40 PM,457.109439,1251.7
12:04:41 PM,457.433067,1251.7
12:04:42 PM,457.77195,1252.7
12:04:43 PM,458.123825,1251.7
12:04:44 PM,458.446773,1251.7
12:04:45 PM,458.749093,1249.7
12:04:46 PM,459.081006,1250.7
12:04:47 PM,459.432198,1250.7
12:04:48 PM,459.749308,1252.7
12:04:49 PM,460.060589,1253.7
12:04:50 PM,460.427242,1249.7
12:04:51 PM,460.786512,1251.7
12:04:52 PM,461.108979,1252.7
12:04:53 PM,461.442676,1253.7
12:04:54 PM,461.81112,1253.7
12:04:55 PM,462.172183,1254.7
12:04:56 PM,462.459433,1255.7
12:04:57 PM,462.796475,1252.7
12:04:58 PM,463.162227,1249.7
12:04:59 PM,463.507564,1248.7
12:05:00 PM,463.799081,1248.7
12:05:01 PM,464.154056,1248.7
12:05:02 PM,464.537068,1245.7
12:05:03 PM,464.902349,1246.7
12:05:04 PM,465.244994,1245.7
12:05:05 PM,465.598619,1243.7
12:05:06 PM,465.948888,1243.7
12:05:07 PM,466.295552,1243.7
12:05:08 PM,466.632574,1243.7
12:05:09 PM,466.983048,1242.7
12:05:10 PM,467.359087,1241.7
12:05:11 PM,467.656873,1241.7
12:05:12 PM,468.002187,1238.7
12:05:13 PM,468.331572,1239.7
12:05:14 PM,468.669715,1239.7
12:05:15 PM,468.946414,1242.7
12:05:16 PM,469.263472,1244.7
12:05:17 PM,469.607645,1245.7
12:05:18 PM,469.901606,1250.7
12:05:19 PM,470.216186,1249.7
12:05:20 PM,470.530094,1252.7
12:05:21 PM,470.869564,1251.7
12:05:22 PM,471.218672,1248.7
12:05:23 PM,471.52989,1250.7
12:05:24 PM,471.884818,1248.7
12:05:25 PM,472.189075,1249.7
12:05:26 PM,472.52606,1249.7
12:05:27 PM,472.842424,1251.7
12:05:28 PM,473.157653,1252.7
12:05:29 PM,473.468186,1251.7
12:05:30 PM,473.819952,1252.7
12:05:31 PM,474.114555,1251.7
12:05:32 PM,474.448839,1254.7
12:05:33 PM,474.834453,1259.8
12:05:34 PM,475.118737,1259.8
12:05:35 PM,475.481923,1260.8
12:05:36 PM,475.809234,1262.8
12:05:37 PM,476.168597,1262.8
12:05:38 PM,476.490535,1263.8
12:05:39 PM,476.811086,1265.8
12:05:40 PM,477.1543,1266.8
12:05:41 PM,477.479575,1266.8
12:05:42 PM,477.809327,1265.8
12:05:43 PM,478.127635,1268.8
12:05:44 PM,478.454903,1273.8
12:05:45 PM,478.737334,1274.8
12:05:46 PM,479.024453,1278.9
12:05:47 PM,479.348141,1279.9
12:05:48 PM,479.656782,1280.9
12:05:49 PM,479.947485,1281.9
12:05:50 PM,480.250959,1285.9
12:05:51 PM,480.560249,1290.9
12:05:52 PM,480.891272,1292.9
12:05:53 PM,481.204357,1293.9
12:05:54 PM,481.514292,1296
12:05:55 PM,481.847088,1300
12:05:56 PM,482.165297,1301
12:05:57 PM,482.448984,1306
12:05:58 PM,482.792722,1307
12:05:59 PM,483.11203,1309
12:06:00 PM,483.418093,1314.1
12:06:01 PM,483.736457,1318.1
12:06:02 PM,484.05954,1317.1
12:06:03 PM,484.420005,1320.1
12:06:04 PM,484.734099,1320.1
12:06:05 PM,485.089841,1322.1
12:06:06 PM,485.429655,1325.1
12:06:07 PM,485.78423,1328.1
12:06:08 PM,486.122208,1329.1
12:06:09 PM,486.437563,1334.2
12:06:10 PM,486.779775,1337.2
12:06:11 PM,487.129792,1339.2
12:06:12 PM,487.455388,1345.2
12:06:13 PM,487.768199,1346.2
12:06:14 PM,488.139202,1348.2
12:06:15 PM,488.504363,1354.3
12:06:16 PM,488.822254,1358.3
12:06:17 PM,489.196985,1360.3
12:06:18 PM,489.53968,1361.3
12:06:19 PM,489.894646,1369.4
12:06:20 PM,490.241091,1369.4
12:06:21 PM,490.566468,1381.4
12:06:22 PM,490.900767,1387.5
12:06:23 PM,491.255612,1390.5
12:06:24 PM,491.55092,1393.5
12:06:25 PM,491.880656,1398.5
12:06:26 PM,492.232059,1405.5
12:06:27 PM,492.532425,1411.6
12:06:28 PM,492.839242,1410.6
12:06:29 PM,493.152758,1413.6
12:06:30 PM,493.469586,1415.6
12:06:31 PM,493.795991,1423.6
12:06:32 PM,494.077445,1425.7
12:06:33 PM,494.44735,1430.7
12:06:34 PM,494.77924,1436.7
12:06:35 PM,495.083813,1441.7
12:06:36 PM,495.424557,1447.8
12:06:37 PM,495.7916,1448.8
12:06:38 PM,496.109452,1451.8
12:06:39 PM,496.410062,1456.8
12:06:40 PM,496.716686,1460.8
12:06:41 PM,497.055402,1467.9
12:06:42 PM,497.392267,1471.9
12:06:43 PM,497.708557,1475.9
12:06:44 PM,498.041314,1478.9
12:06:45 PM,498.392534,1485
12:06:46 PM,498.732974,1494
12:06:47 PM,499.042586,1505.1
12:06:48 PM,499.413461,1510.1
12:06:49 PM,499.768215,1512.1
12:06:50 PM,500.059616,1520.2
12:06:51 PM,500.365797,1526.2
12:06:52 PM,500.712158,1534.2
12:06:53 PM,501.058504,1541.3
12:06:54 PM,501.407309,1549.3
12:06:55 PM,501.715026,1554.3
12:06:56 PM,502.084436,1557.4
12:06:57 PM,502.439021,1565.4
12:06:58 PM,502.795395,1568.4
12:06:59 PM,503.146799,1576.5
12:07:00 PM,503.534553,1581.5
12:07:01 PM,503.861474,1585.5
12:07:02 PM,504.200501,1594.6
12:07:03 PM,504.535027,1602.6
12:07:04 PM,504.899812,1611.7
12:07:05 PM,505.21007,1619.7
12:07:06 PM,505.537591,1627.7
12:07:07 PM,505.870718,1635.8
12:07:08 PM,506.208526,1641.8
12:07:09 PM,506.507543,1647.8
12:07:10 PM,506.812789,1649.9
12:07:11 PM,507.129933,1654.9
12:07:12 PM,507.45021,1660.9
12:07:13 PM,507.751399,1668
12:07:14 PM,508.054382,1679
12:07:15 PM,508.416328,1687.1
12:07:16 PM,508.755165,1694.1
12:07:17 PM,509.064608,1704.2
12:07:18 PM,509.406771,1712.2
12:07:19 PM,509.729436,1722.2
12:07:20 PM,510.085696,1728.3
12:07:21 PM,510.395761,1736.3
12:07:22 PM,510.723545,1744.4
12:07:23 PM,511.058017,1752.4
12:07:24 PM,511.384437,1758.4
12:07:25 PM,511.689306,1768.5
12:07:26 PM,512.032709,1777.5
12:07:27 PM,512.368061,1786.6
12:07:28 PM,512.735657,1791.6
12:07:29 PM,513.074539,1801.7
12:07:30 PM,513.439429,1808.7
12:07:31 PM,513.771126,1814.7
12:07:32 PM,514.089159,1822.8
12:07:33 PM,514.417022,1830.8
12:07:34 PM,514.771096,1842.9
12:07:35 PM,515.082144,1849.9
12:07:36 PM,515.388236,1859
12:07:37 PM,515.729502,1864
12:07:38 PM,516.039182,1872.1
12:07:39 PM,516.350397,1878.1
12:07:40 PM,516.639662,1885.1
12:07:41 PM,516.946843,1896.2
12:07:42 PM,517.254685,1900.2
12:07:43 PM,517.588269,1907.2
12:07:44 PM,517.879304,1916.3
12:07:45 PM,518.195617,1924.3
12:07:46 PM,518.547558,1936.4
12:07:47 PM,518.874616,1944.4
12:07:48 PM,519.154855,1954.5
12:07:49 PM,519.508775,1962.5
12:07:50 PM,519.864488,1973.6
12:07:51 PM,520.164631,1981.6
12:07:52 PM,520.468577,1991.7
12:07:53 PM,520.821789,2000.7
12:07:54 PM,521.153728,2005.8
12:07:55 PM,521.464341,2013.8
12:07:56 PM,521.792454,2023.9
12:07:57 PM,522.15191,2030.9
12:07:58 PM,522.505745,2041
12:07:59 PM,522.812106,2050
12:08:00 PM,523.130763,2063.1
12:08:01 PM,523.516591,2073.1
12:08:02 PM,523.828077,2082.2
12:08:03 PM,524.135077,2091.2
12:08:04 PM,524.461991,2095.3
12:08:05 PM,524.837487,2101.3
12:08:06 PM,525.175812,2111.3
12:08:07 PM,525.511863,2118.4
12:08:08 PM,525.839879,2132.5
12:08:09 PM,526.21848,2139.5
12:08:10 PM,526.54715,2152.6
12:08:11 PM,526.875144,2160.6
12:08:12 PM,527.2707,2164.6
12:08:13 PM,527.624874,2175.7
12:08:14 PM,527.917697,2180.7
12:08:15 PM,528.240721,2193.8
12:08:16 PM,528.627086,2201.8
12:08:17 PM,528.957044,2206.9
12:08:18 PM,529.251181,2216.9
12:08:19 PM,529.560749,2224.9
12:08:20 PM,529.922695,2238
12:08:21 PM,530.226438,2245.1
12:08:22 PM,530.509131,2252.1
12:08:23 PM,530.829433,2266.2
12:08:24 PM,531.180395,2276.2
12:08:25 PM,531.486124,2289.3
12:08:26 PM,531.784493,2295.3
12:08:27 PM,532.113465,2307.4
12:08:28 PM,532.442024,2317.4
12:08:29 PM,532.746396,2328.5
12:08:30 PM,533.07942,2335.5
12:08:31 PM,533.445777,2344.6
12:08:32 PM,533.773182,2353.6
12:08:33 PM,534.070385,2362.7
12:08:34 PM,534.37921,2375.8
12:08:35 PM,534.717354,2382.8
12:08:36 PM,535.056162,2390.8
12:08:37 PM,535.354017,2399.9
12:08:38 PM,535.689009,2405.9
12:08:39 PM,536.061805,2415
12:08:40 PM,536.395451,2424
12:08:41 PM,536.69082,2429
12:08:42 PM,537.075021,2436.1
12:08:43 PM,537.450267,2448.1
12:08:44 PM,537.775614,2452.2
12:08:45 PM,538.090873,2460.2
12:08:46 PM,538.428766,2469.3
12:08:47 PM,538.791441,2477.3
12:08:48 PM,539.1141,2488.4
12:08:49 PM,539.438963,2501.4
12:08:50 PM,539.814645,2509.5
12:08:51 PM,540.195668,2514.5
12:08:52 PM,540.531272,2523.6
12:08:53 PM,540.893052,2534.6
12:08:54 PM,541.243875,2541.7
12:08:55 PM,541.612128,2553.7
12:08:56 PM,541.907246,2560.8
12:08:57 PM,542.255124,2568.8
12:08:58 PM,542.598323,2572.8
12:08:59 PM,542.944657,2579.9
12:09:00 PM,543.24511,2584.9
12:09:01 PM,543.601056,2589.9
12:09:02 PM,543.938637,2593.9
12:09:03 PM,544.256982,2604
12:09:04 PM,544.51896,2609
12:09:05 PM,544.845582,2614
12:09:06 PM,545.167525,2619.1
12:09:07 PM,545.467298,2622.1
12:09:08 PM,545.772879,2632.1
12:09:09 PM,546.139094,2639.2
12:09:10 PM,546.494819,2645.2
12:09:11 PM,546.78003,2650.2
12:09:12 PM,547.104636,2657.3
12:09:13 PM,547.45809,2665.3
12:09:14 PM,547.766802,2671.3
12:09:15 PM,548.063892,2676.4
12:09:16 PM,548.375274,2679.4
12:09:17 PM,548.757571,2685.4
12:09:18 PM,549.075693,2690.4
12:09:19 PM,549.389542,2693.5
12:09:20 PM,549.7506,2698.5
12:09:21 PM,550.09109,2708.5
12:09:22 PM,550.433785,2709.6
12:09:23 PM,550.758381,2709.6
12:09:24 PM,551.104882,2714.6
12:09:25 PM,551.491445,2723.6
12:09:26 PM,551.782719,2727.6
12:09:27 PM,552.092759,2732.7
12:09:28 PM,552.475718,2740.7
12:09:29 PM,552.828494,2741.7
12:09:30 PM,553.103674,2742.7
12:09:31 PM,553.422864,2747.8
12:09:32 PM,553.765154,2751.8
12:09:33 PM,554.053959,2755.8
12:09:34 PM,554.33088,2758.8
12:09:35 PM,554.631104,2761.8
12:09:36 PM,554.980075,2761.8
12:09:37 PM,555.288114,2760.8
12:09:38 PM,555.563701,2767.9
12:09:39 PM,555.899253,2770.9
12:09:40 PM,556.247359,2773.9
12:09:41 PM,556.573965,2776.9
12:09:42 PM,556.864779,2772.9
12:09:43 PM,557.228516,2771.9
12:09:44 PM,557.567879,2775.9
12:09:45 PM,557.849547,2776.9
12:09:46 PM,558.143038,2778.9
12:09:47 PM,558.505444,2776.9
12:09:48 PM,558.855098,2774.9
12:09:49 PM,559.172564,2773.9
12:09:50 PM,559.481954,2772.9
12:09:51 PM,559.833415,2773.9
12:09:52 PM,560.197835,2771.9
12:09:53 PM,560.500083,2766.9
12:09:54 PM,560.869448,2761.8
12:09:55 PM,561.201218,2758.8
12:09:56 PM,561.578403,2751.8
12:09:57 PM,561.833243,2749.8
12:09:58 PM,562.18806,2742.7
12:09:59 PM,562.566588,2741.7
12:10:00 PM,562.888552,2736.7
12:10:01 PM,563.186343,2732.7
12:10:02 PM,563.567552,2730.7
12:10:03 PM,563.948363,2724.6
12:10:04 PM,564.274345,2718.6
12:10:05 PM,564.607945,2709.6
12:10:06 PM,564.980017,2702.5
12:10:07 PM,565.36485,2693.5
12:10:08 PM,565.662661,2686.4
12:10:09 PM,566.016177,2678.4
12:10:10 PM,566.365889,2667.3
12:10:11 PM,566.700845,2658.3
12:10:12 PM,567.009622,2646.2
12:10:13 PM,567.326684,2633.1
12:10:14 PM,567.696783,2622.1
12:10:15 PM,567.991275,2607
12:10:16 PM,568.252174,2595.9
12:10:17 PM,568.603248,2582.9
12:10:18 PM,568.926606,2567.8
12:10:19 PM,569.253976,2555.7
12:10:20 PM,569.546682,2542.7
12:10:21 PM,569.886818,2525.6
12:10:22 PM,570.260291,2507.5
12:10:23 PM,570.551672,2486.4
12:10:24 PM,570.865836,2461.2
12:10:25 PM,571.239123,2441.1
12:10:26 PM,571.552427,2426
12:10:27 PM,571.853443,2408.9
12:10:28 PM,572.171231,2386.8
12:10:29 PM,572.538259,2366.7
12:10:30 PM,572.879772,2343.6
12:10:31 PM,573.163569,2323.5
12:10:32 PM,573.482511,2300.4
12:10:33 PM,573.864325,2277.2
12:10:34 PM,574.188422,2256.1
12:10:35 PM,574.505575,2238
12:10:36 PM,574.87665,2207.9
12:10:37 PM,575.228958,2186.7
12:10:38 PM,575.56136,2162.6
12:10:39 PM,575.858155,2142.5
12:10:40 PM,576.195713,2119.4
12:10:41 PM,576.60063,2097.3
12:10:42 PM,576.92477,2073.1
12:10:43 PM,577.229872,2052
12:10:44 PM,577.590507,2028.9
12:10:45 PM,577.976208,2011.8
12:10:46 PM,578.288945,1988.7
12:10:47 PM,578.636369,1972.6
12:10:48 PM,579.037329,1951.5
12:10:49 PM,579.380759,1928.4
12:10:50 PM,579.643598,1904.2
12:10:51 PM,579.988376,1885.1
12:10:52 PM,580.358022,1864
12:10:53 PM,580.680425,1846.9
12:10:54 PM,580.988064,1831.8
12:10:55 PM,581.285615,1814.7
12:10:56 PM,581.657763,1794.6
12:10:57 PM,581.956464,1777.5
12:10:58 PM,582.214865,1753.4
12:10:59 PM,582.518922,1735.3
12:11:00 PM,582.899587,1718.2
12:11:01 PM,583.191359,1702.1
12:11:02 PM,583.490088,1683
12:11:03 PM,583.836084,1665.9
12:11:04 PM,584.195055,1650.9
12:11:05 PM,584.492467,1632.8
12:11:06 PM,584.836212,1618.7
12:11:07 PM,585.18157,1602.6
12:11:08 PM,585.521987,1586.5
12:11:09 PM,585.818289,1574.5
12:11:10 PM,586.118876,1554.3
12:11:11 PM,586.483719,1539.3
12:11:12 PM,586.824167,1523.2
12:11:13 PM,587.124307,1507.1
12:11:14 PM,587.458954,1490
12:11:15 PM,587.842889,1476.9
12:11:16 PM,588.201291,1461.9
12:11:17 PM,588.502128,1445.8
12:11:18 PM,588.841958,1426.7
12:11:19 PM,589.218108,1410.6
12:11:20 PM,589.533947,1395.5
12:11:21 PM,589.837957,1379.4
12:11:22 PM,590.185445,1359.3
12:11:23 PM,590.521306,1342.2
12:11:24 PM,590.823533,1319.1
12:11:25 PM,591.127105,1300
12:11:26 PM,591.46299,1279.9
12:11:27 PM,591.781158,1262.8
12:11:28 PM,592.031445,1241.7
12:11:29 PM,592.329027,1224.6
12:11:30 PM,592.672769,1205.5
12:11:31 PM,592.996788,1185.4
12:11:32 PM,593.278671,1162.2
12:11:33 PM,593.606988,1142.1
12:11:34 PM,593.96555,1118
12:11:35 PM,594.260703,1095.9
12:11:36 PM,594.569979,1072.8
12:11:37 PM,594.915791,1054.7
12:11:38 PM,595.291454,1035.6
12:11:39 PM,595.56824,1016.5
12:11:40 PM,595.830046,994.6
12:11:41 PM,596.185531,974.1
12:11:42 PM,596.562104,955.4
12:11:43 PM,596.855315,938.4
12:11:44 PM,597.160845,915.6
12:11:45 PM,597.529152,897
12:11:46 PM,597.887165,879.6
12:11:47 PM,598.214473,859.3
12:11:48 PM,598.541122,841.7
12:11:49 PM,598.936848,824.6
12:11:50 PM,599.274493,806.7
12:11:51 PM,599.567776,789.2
12:11:52 PM,599.900956,772.1
12:11:53 PM,600.28977,753
12:11:54 PM,600.629935,737.2
12:11:55 PM,600.921446,722.3
12:11:56 PM,601.284056,705.6
12:11:57 PM,601.69153,690.1
12:11:58 PM,602.036894,673.7
12:11:59 PM,602.371961,656
12:12:00 PM,602.746269,639.5
12:12:01 PM,603.139004,627.1
12:12:02 PM,603.426099,611.4
12:12:03 PM,603.75043,596.8
12:12:04 PM,604.139387,585
12:12:05 PM,604.479009,568.9
12:12:06 PM,604.775784,553.2
12:12:07 PM,605.092995,539.8
12:12:08 PM,605.448117,528.3
12:12:09 PM,605.765348,515.3
12:12:10 PM,606.067988,503.7
12:12:11 PM,606.330253,490.4
12:12:12 PM,606.702502,475.3
12:12:13 PM,607.028079,461.6
12:12:14 PM,607.309659,447.7
12:12:15 PM,607.640415,434.3
12:12:16 PM,608.016062,422.4
12:12:17 PM,608.334716,409.3
12:12:18 PM,608.641727,394.6
12:12:19 PM,609.000129,382
12:12:20 PM,609.346418,370.5
12:12:21 PM,609.627868,359.1
12:12:22 PM,609.89338,348
12:12:23 PM,610.25451,336.4
12:12:24 PM,610.610964,323.3
12:12:25 PM,610.91872,310.4
12:12:26 PM,611.213215,298.6
12:12:27 PM,611.579357,282.5
12:12:28 PM,611.980292,272.2
12:12:29 PM,612.280453,258.5
12:12:30 PM,612.606226,244
12:12:31 PM,613.007207,231
12:12:32 PM,613.338836,217.8
12:12:33 PM,613.613909,206.2
12:12:34 PM,613.93926,194.4
12:12:35 PM,614.349953,181.8
12:12:36 PM,614.659177,170.7
12:12:37 PM,614.940793,160.7
12:12:38 PM,615.325725,151.6
12:12:39 PM,615.744598,141.7
12:12:40 PM,616.058562,135
12:12:41 PM,616.399293,128.3
12:12:42 PM,616.791264,123.6
12:12:43 PM,617.141878,117.8
12:12:44 PM,617.436383,113.6
12:12:45 PM,617.745718,110
12:12:46 PM,618.119979,105.8
12:12:47 PM,618.490904,101.7
12:12:48 PM,618.752661,100.4
12:12:49 PM,619.06855,98.6
12:12:50 PM,619.44354,97.4
12:12:51 PM,619.738797,96.4
12:12:52 PM,619.98664,95.6
12:12:53 PM,620.308212,93.2
12:12:54 PM,620.676082,90.3
12:12:55 PM,620.941262,89.5
12:12:56 PM,621.235903,88.5
12:12:57 PM,621.605157,86.9
12:12:58 PM,621.973085,85.7
12:12:59 PM,622.278096,83.9
12:13:00 PM,622.58513,81.6
12:13:01 PM,622.968405,79.8
12:13:02 PM,623.307806,79.1
12:13:03 PM,623.557572,77.7
12:13:04 PM,623.865798,76.1
12:13:05 PM,624.23336,75.7
12:13:06 PM,624.595572,74.5
12:13:07 PM,624.884037,72.1
12:13:08 PM,625.196813,70.1
12:13:09 PM,625.607869,68.5
12:13:10 PM,625.960008,68.5
12:13:11 PM,626.23369,67.3
12:13:12 PM,626.609689,65.9
12:13:13 PM,627.001486,63.6
12:13:14 PM,627.285543,62.9
12:13:15 PM,627.579278,62.1
12:13:16 PM,627.945477,61.5
12:13:17 PM,628.327674,60.5
12:13:18 PM,628.59714,58.9
12:13:19 PM,628.899925,58.1
12:13:20 PM,629.240533,57.4
12:13:21 PM,629.583642,55.5
12:13:22 PM,629.844153,54.3
12:13:23 PM,630.131476,52.4
12:13:24 PM,630.44131,50.8
12:13:25 PM,630.793002,49.5
12:13:26 PM,631.079689,48.9
12:13:27 PM,631.369745,47
12:13:28 PM,631.765149,44.9
12:13:29 PM,632.106361,44
12:13:30 PM,632.396457,43.6
12:13:31 PM,632.735411,42
12:13:32 PM,633.147753,41
12:13:33 PM,633.419683,40.9
12:13:34 PM,633.682147,42.4
12:13:35 PM,634.023649,42.3
12:13:36 PM,634.424372,42
12:13:37 PM,634.711203,40.9
12:13:38 PM,635.030911,40.3
12:13:39 PM,635.419524,40.5
12:13:40 PM,635.760437,39.4
12:13:41 PM,636.116221,39.5
12:13:42 PM,636.437808,38.7
12:13:43 PM,636.83934,37.3
12:13:44 PM,637.180322,36.7
12:13:45 PM,637.44494,36
12:13:46 PM,637.741576,35.6
12:13:47 PM,638.139152,35.7
12:13:48 PM,638.503395,34.7
12:13:49 PM,638.785215,35.6
12:13:50 PM,639.145858,36.1
12:13:51 PM,639.568732,36.3
12:13:52 PM,639.892496,36.4
12:13:53 PM,640.203428,36.6
12:13:54 PM,640.589169,36.1
12:13:55 PM,640.99007,34.6
12:13:56 PM,641.278517,34.1
12:13:57 PM,641.570338,34
12:13:58 PM,641.939272,33.7
12:13:59 PM,642.342944,32.6
12:14:00 PM,642.621958,31.9
12:14:01 PM,642.910277,32.2
12:14:02 PM,643.296646,31.2
12:14:03 PM,643.622605,30.8
12:14:04 PM,643.851878,29.8
12:14:05 PM,644.137284,29.1
12:14:06 PM,644.512215,27.8
12:14:07 PM,644.848598,27.8
12:14:08 PM,645.103626,28.2
12:14:09 PM,645.439842,27.6
12:14:10 PM,645.830868,27.6
12:14:11 PM,646.154934,26.1
12:14:12 PM,646.440441,25.4
12:14:13 PM,646.831726,25.6
12:14:14 PM,647.186074,23.7
12:14:15 PM,647.468933,24.3
12:14:16 PM,647.726755,25
12:14:17 PM,648.096234,24.3
12:14:18 PM,648.484055,24.2
12:14:19 PM,648.763805,23.8
12:14:20 PM,649.089364,24.1
12:14:21 PM,649.475426,24.3
12:14:22 PM,649.875248,24.6
12:14:23 PM,650.173586,24.4
12:14:24 PM,650.515252,24.7
12:14:25 PM,650.921673,25
12:14:26 PM,651.262904,24.3
12:14:27 PM,651.534222,23.8
12:14:28 PM,651.868952,22.8
12:14:29 PM,652.282945,23.1
12:14:30 PM,652.604169,22
12:14:31 PM,652.932421,22
12:14:32 PM,653.29317,21.9
12:14:33 PM,653.715614,21.6
12:14:34 PM,654.058819,22
12:14:35 PM,654.363892,22.7
12:14:36 PM,654.775555,23.1
12:14:37 PM,655.163986,23.8
12:14:38 PM,655.432978,23.9
12:14:39 PM,655.746005,24
12:14:40 PM,656.116428,23.4
12:14:41 PM,656.496582,23.1
12:14:42 PM,656.761788,22.5
12:14:43 PM,657.083246,21.9
12:14:44 PM,657.471149,22.2
12:14:45 PM,657.764858,23.2
12:14:46 PM,658.020606,22.5
12:14:47 PM,658.324529,22.2
12:14:48 PM,658.687418,23.1
12:14:49 PM,659.020038,21.9
12:14:50 PM,659.260059,22.2
12:14:51 PM,659.612815,21.1
12:14:52 PM,660.016265,20.5
12:14:53 PM,660.326831,20.4
12:14:54 PM,660.601922,20.4
12:14:55 PM,660.979185,20.3
12:14:56 PM,661.335689,20.2
12:14:57 PM,661.617845,20.2
12:14:58 PM,661.895693,20.2
12:14:59 PM,662.288628,20.6
12:15:00 PM,662.641838,21
12:15:01 PM,662.937823,21
12:15:02 PM,663.249891,20.2
12:15:03 PM,663.637995,19.8
12:15:04 PM,664.047115,20.2
12:15:05 PM,664.340472,20.5
12:15:06 PM,664.697379,21.4
12:15:07 PM,665.091451,21.1
12:15:08 PM,665.402958,20.7
12:15:09 PM,665.652487,21.5
12:15:10 PM,666.007448,21.8
12:15:11 PM,666.400459,21.5
12:15:12 PM,666.683732,21.3
12:15:13 PM,666.976547,21.4
12:15:14 PM,667.325714,21.3
12:15:15 PM,667.676727,20.5
12:15:16 PM,667.897843,20.7
12:15:17 PM,668.157206,20.8
12:15:18 PM,668.508471,20.4
12:15:19 PM,668.876313,20.5
12:15:20 PM,669.175792,21
12:15:21 PM,669.461029,21
12:15:22 PM,669.871712,21.1
12:15:23 PM,670.233288,21.1
12:15:24 PM,670.483025,20.7
12:15:25 PM,670.829227,21.4
12:15:26 PM,671.226421,21.5
12:15:27 PM,671.540287,20.8
12:15:28 PM,671.766082,20.4
12:15:29 PM,672.097422,20.1
12:15:30 PM,672.502613,18.5
12:15:31 PM,672.823584,18.8
12:15:32 PM,673.079117,18.8
12:15:33 PM,673.462401,19.9
12:15:34 PM,673.875201,20
12:15:35 PM,674.178323,20.3
12:15:36 PM,674.485596,19.9
12:15:37 PM,674.904555,19.7
12:15:38 PM,675.262597,19.7
12:15:39 PM,675.54178,19.8
12:15:40 PM,675.837557,20.1
12:15:41 PM,676.243695,19.5
12:15:42 PM,676.623814,20
12:15:43 PM,676.913961,20.4
12:15:44 PM,677.26036,20.6
12:15:45 PM,677.657534,19.6
12:15:46 PM,678.085602,18
12:15:47 PM,678.379885,18.9
12:15:48 PM,678.769222,18.9
12:15:49 PM,679.167657,18.7
12:15:50 PM,679.493072,18.6
12:15:51 PM,679.7852,19
12:15:52 PM,680.152633,18.2
12:15:53 PM,680.562948,16.6
12:15:54 PM,680.825205,17.5
12:15:55 PM,681.104671,17.4
12:15:56 PM,681.503277,18
12:15:57 PM,681.844274,18
12:15:58 PM,682.061413,17.6
12:15:59 PM,682.355233,17.2
12:16:00 PM,682.705839,17.1
12:16:01 PM,683.065744,16.5
12:16:02 PM,683.340585,15.6
12:16:03 PM,683.642876,15.6
12:16:04 PM,684.043024,16.9
12:16:05 PM,684.382826,15.9
12:16:06 PM,684.654549,16